"","monthlywtmp",".groups"
"1",31.1402473482851,"drop"
"2",93.0400645944828,"drop"
"3",45.6500753577293,"drop"
